Month,Content Title,Primary Target Keyword,Content Format,Target Audience,Primary Goal,Language
Month 1 (Jan 2026),Complete Guide to Buying DTCP Approved Plots in Madurai 2026,"dtcp approved plots in madurai",Comprehensive Pillar Guide,First-time Land Buyers / Investors,Drive High-Intent Organic Traffic & Site Visit Inquiries,English & Tamil
Month 2 (Feb 2026),Why Madurai Ring Road is the #1 Real Estate Hotspot for 2026,"plots near madurai ring road",Location Spotlight Article,NRI Investors / Madurai Families,Promote Kopuram Nagar Ring Road Layout,English & Tamil
Month 3 (Mar 2026),10 Must-Check Legal Documents Before Buying Land in Tamil Nadu,"what documents to check before buying plot in madurai",Infographic & Step-by-Step Guide,Cautious Buyers & Retirees,Build Brand Authority & Trust,English & Tamil
Month 4 (Apr 2026),DTCP vs Panchayat Approved Plots: What Every Buyer Needs to Know,"dtcp layout vs panchayat layout madurai",Comparison Guide,Budget Home Seekers,Educate & Convert Leads to DTCP Approved Sites,English & Tamil
Month 5 (May 2026),Spotlight on Sangatamil Nagar: Premium Living near Narasingam Perumal Temple,"plots near narasingam madurai",Project Showcase Video & Article,Religious / Peaceful Living Seekers,Generate Direct Inquiries for Sangatamil Nagar,English & Tamil
Month 6 (Jun 2026),How to Get 80% Bank Home Loan Approval for Plot Purchase in Madurai,"bank loan approved plots madurai",Financial Advice Article,Salaried Employees / IT Professionals,Remove Financial Barriers & Encourage Site Visits,English & Tamil
Month 7 (Jul 2026),Diamond City Panaikulam: Affordable Investment Opportunities Near Madurai,"plots in panaikulam madurai",Investment Opportunity Feature,Young Investors & Budget Buyers,Boost Sales Velocity for Diamond City Layout,English & Tamil
Month 8 (Aug 2026),Understanding RERA Tamil Nadu: How RERA Registration Protects Plot Buyers,"rera approved plots madurai",Legal Explainer Guide,High-Net-Worth Buyers / NRIs,Position Kopuram as 100% Legal Compliant Builder,English & Tamil
Month 9 (Sep 2026),Top 5 Residential Layout Amenities You Should Never Compromise On,"gated community plots madurai",Lifestyle Feature Article,Family Home Builders,Highlight 30ft Roads, Park & Street Lights Features,English & Tamil
Month 10 (Oct 2026),Festive Season Plot Purchase Guide: Exclusive Offers & Site Visit Checklist,"buy plots in madurai direct promoter",Promotional Buyer Guide,Festive Season Buyers (Diwali),Drive High Conversion Booking Lead Submissions,English & Tamil
Month 11 (Nov 2026),Madurai Master Plan 2026: Infrastructure Developments Driving Land Value,"real estate promoters in madurai",Market Analysis Report,Strategic Property Investors,Establish Industry Leadership & Authority,English & Tamil
Month 12 (Dec 2026),Kopuram Promoter & Builders 20-Year Milestone: Customer Success Stories & Reviews,"kopuram promoter and builders reviews",Video Case Study & Customer Spotlight,Prospective Buyers & Inquirers,Maximize Closing Rate for End-of-Year Plots,English & Tamil
