Keyword,Category,Search Intent,Monthly Volume (Est),Competition,Opportunity Score,Target Language,Target Page
"plots for sale in madurai",Primary,Transactional,2400,Medium,92,English,projects.html
"dtcp approved plots in madurai",Primary,Transactional,1900,Medium,95,English,index.html
"rera approved plots madurai",Primary,Transactional,1300,Low,96,English,index.html
"real estate promoters in madurai",Primary,Commercial,1600,Medium,88,English,about.html
"builders in madurai",Primary,Commercial,2900,High,82,English,about.html
"kopuram promoter and builders",Primary,Navigational,880,Low,99,English,index.html
"land for sale in madurai anna nagar",Primary,Transactional,1100,Medium,90,English,projects.html
"plots near madurai ring road",Primary,Transactional,950,Low,94,English,projects.html
"residential plots for sale in madurai",Primary,Transactional,1400,Medium,89,English,projects.html
"best real estate company in madurai",Primary,Commercial,1200,Medium,87,English,index.html
"மதுரையில் மனை விற்பனை",Primary,Transactional,1800,Medium,94,Tamil,index.html
"டிடிசிபி அங்கீகரிக்கப்பட்ட மனைகள் மதுரை",Primary,Transactional,1450,Low,97,Tamil,index.html
"மதுரை ரியல் எஸ்டேட்",Primary,Commercial,2100,Medium,91,Tamil,about.html
"மனைகள் விற்பனைக்கு மதுரை அண்ணா நகர்",Primary,Transactional,980,Low,93,Tamil,projects.html
"kopuram builders reviews",Primary,Navigational,450,Low,98,English,testimonials.html
"plots near narasingam madurai",Primary,Transactional,720,Low,95,English,projects.html
"plots in panaikulam madurai",Primary,Transactional,680,Low,96,English,projects.html
"house plots for sale in madurai ring road",Primary,Transactional,850,Low,94,English,projects.html
"top land promoters in madurai",Primary,Commercial,1100,Medium,88,English,about.html
"buy plots in madurai direct promoter",Primary,Transactional,790,Low,95,English,contact.html
"dtcp plot price in madurai",Secondary,Commercial,1100,Medium,86,English,projects.html
"rera registered plots in madurai",Secondary,Transactional,850,Low,93,English,index.html
"gated community plots madurai",Secondary,Transactional,920,Medium,87,English,projects.html
"investment plots near madurai airport ring road",Secondary,Transactional,650,Low,94,English,projects.html
"clear title plots in madurai",Secondary,Commercial,780,Low,95,English,about.html
"top plot developers in madurai",Secondary,Commercial,950,Medium,85,English,about.html
"plots near othakadai madurai",Secondary,Transactional,820,Low,92,English,projects.html
"corner plots for sale madurai",Secondary,Transactional,540,Low,91,English,projects.html
"bank loan approved plots madurai",Secondary,Transactional,710,Low,96,English,contact.html
"budget plots for sale in madurai",Secondary,Transactional,1250,Medium,88,English,projects.html
"residential land for sale in anna nagar madurai",Secondary,Transactional,620,Medium,89,English,projects.html
"kopuram nagar plots madurai",Secondary,Navigational,420,Low,98,English,projects.html
"sangatamil nagar narasingam plots",Secondary,Navigational,390,Low,98,English,projects.html
"diamond city panaikulam plots",Secondary,Navigational,380,Low,98,English,projects.html
"land promoters in anna nagar madurai",Secondary,Commercial,510,Low,92,English,contact.html
"plots for sale near madurai meenakshi temple",Secondary,Transactional,480,Medium,84,English,projects.html
"plots near mattuthavani madurai",Secondary,Transactional,760,Medium,87,English,projects.html
"plots near samayanallur madurai",Secondary,Transactional,580,Low,90,English,projects.html
"dtcp layout plots near madurai bypass",Secondary,Transactional,640,Low,93,English,projects.html
"patta land for sale in madurai",Secondary,Transactional,720,Low,94,English,projects.html
"மதுரையில் இடம் விற்பனை",Secondary,Transactional,1300,Medium,89,Tamil,index.html
"வங்கிக் கடன் வசதியுடன் மனைகள் மதுரை",Secondary,Transactional,620,Low,95,Tamil,contact.html
"ரிங் ரோடு அருகே வீட்டு மனைகள்",Secondary,Transactional,740,Low,94,Tamil,projects.html
"நரசிங்கம் பகுதியில் பிளாட்கள்",Secondary,Transactional,450,Low,96,Tamil,projects.html
"பனைக்குளம் டைமண்ட் சிட்டி மனைகள்",Secondary,Navigational,320,Low,98,Tamil,projects.html
"அண்ணா நகர் மதுரை ரியல் எஸ்டேட்",Secondary,Commercial,580,Low,91,Tamil,about.html
"பட்டா மாறுதல் செய்யப்பட்ட மனைகள் மதுரை",Secondary,Commercial,490,Low,96,Tamil,about.html
"கோபுரம் புரமோட்டர்ஸ் தொலைபேசி எண்",Secondary,Navigational,350,Low,99,Tamil,contact.html
"மதுரையில் குறைந்த விலையில் மனை",Secondary,Transactional,890,Medium,88,Tamil,projects.html
"மதுரை வீட்டு மனை சதுர அடி விலை",Secondary,Informational,750,Medium,86,Tamil,projects.html
"best dtcp approved residential plots for sale in madurai",Long-Tail,Transactional,480,Low,96,English,projects.html
"how to verify dtcp approval for plots in madurai",Long-Tail,Informational,620,Low,97,English,blog
"is rera approval mandatory for buying plots in tamil nadu",Long-Tail,Informational,550,Low,96,English,blog
"top residential plot investment areas near madurai ring road",Long-Tail,Informational,410,Low,95,English,blog
"dtcp layout approval vs panchayat layout in madurai",Long-Tail,Informational,730,Low,98,English,blog
"how to get bank home loan for open plot purchase in madurai",Long-Tail,Informational,390,Low,94,English,blog
"what documents to check before buying plot in madurai",Long-Tail,Informational,810,Low,97,English,blog
"kopuram promoter and builders anna nagar office contact number",Long-Tail,Navigational,310,Low,99,English,contact.html
"dtcp approved plot price per sq ft in madurai 2026",Long-Tail,Commercial,520,Low,95,English,projects.html
"plots for sale near narasingam perumal temple madurai",Long-Tail,Transactional,280,Low,96,English,projects.html
"where to buy plots near madurai ring road junction",Long-Tail,Transactional,340,Low,94,English,projects.html
"dtcp plot registration process in tamil nadu 2026",Long-Tail,Informational,460,Low,96,English,blog
"rera registered property developers in anna nagar madurai",Long-Tail,Commercial,290,Low,93,English,about.html
"plots with 30 feet blacktop road in madurai",Long-Tail,Transactional,320,Low,95,English,projects.html
"gated community plots with street lights and park in madurai",Long-Tail,Transactional,270,Low,94,English,projects.html
"மதுரையில் DTCP அங்கீகாரம் பெற்ற பிளாட் சரிபார்ப்பது எப்படி",Long-Tail,Informational,410,Low,98,Tamil,blog
"மதுரை ரிங் ரோடு அருகே மனை வாங்குவது லாபமா",Long-Tail,Informational,380,Low,96,Tamil,blog
"மதுரை அண்ணா நகரில் உள்ள சிறந்த ரியல் எஸ்டேட் நிறுவனம்",Long-Tail,Commercial,290,Low,95,Tamil,about.html
"வீட்டு மனை வாங்க தேவையான முக்கிய ஆவணங்கள் என்ன",Long-Tail,Informational,520,Low,97,Tamil,blog
"கோபுரம் புரமோட்டர்ஸ் மதுரை வாடிக்கையாளர் கருத்துக்கள்",Long-Tail,Navigational,210,Low,99,Tamil,testimonials.html
"Where can I buy DTCP approved plots near me in Madurai",Voice Search,Transactional,350,Low,96,English,projects.html
"Which is the best real estate promoter in Anna Nagar Madurai",Voice Search,Commercial,280,Low,95,English,about.html
"How much does a square foot of plot cost in Madurai Ring Road",Voice Search,Informational,420,Low,94,English,projects.html
"Call Kopuram Promoter and Builders Madurai",Voice Search,Navigational,190,Low,99,English,contact.html
"மதுரையில் நம்பிக்கையான மனை விற்பனையாளர் யார்",Voice Search,Commercial,310,Low,96,Tamil,about.html
