Cluster ID,Pillar Topic,Subtopic / Article Title,Target Keywords,Search Intent,Internal Linking Strategy
Cluster-1,DTCP & RERA Approvals in Madurai,Complete Guide to DTCP & RERA Approval for Plots in Tamil Nadu 2026,"dtcp approved plots in madurai, rera approved plots madurai, how to verify dtcp approval",Informational -> Transactional,Links to projects.html (Kopuram Nagar & Sangatamil Nagar) and contact.html
Cluster-1,DTCP & RERA Approvals in Madurai,DTCP Layout vs Panchayat Layout: Why DTCP Approval Protects Your Investment,"dtcp layout vs panchayat layout, benefits of dtcp plot madurai",Informational,Links to Pillar Page and projects.html
Cluster-1,DTCP & RERA Approvals in Madurai,Step-by-Step Guide to Verifying RERA Registration Number Online in TN,"is rera approval mandatory, rera registered plots madurai",Informational,Links to Pillar Page and about.html
Cluster-2,Madurai Land Investment Opportunities,Top High-Growth Areas for Plot Investment in Madurai (Ring Road vs Narasingam),"investment plots near madurai ring road, plots near narasingam",Informational -> Transactional,Links to projects.html layout listings
Cluster-2,Madurai Land Investment Opportunities,Why Madurai Ring Road Infrastructure Boost is Driving Land Appreciation,"plots near madurai ring road, house plots ring road madurai",Informational,Links to Kopuram Nagar project section
Cluster-2,Madurai Land Investment Opportunities,Investing in Narasingam & Othakadai: The Future IT & Residential Hub of Madurai,"plots near narasingam madurai, plots near othakadai",Informational,Links to Sangatamil Nagar project section
Cluster-3,Plot Buying Legal Checklist & Guidance,10 Legal Documents You MUST Verify Before Purchasing Residential Land in Madurai,"what documents to check before buying plot madurai, patta land for sale in madurai",Informational -> Commercial,Links to about.html (20+ Years Trust) and contact.html
Cluster-3,Plot Buying Legal Checklist & Guidance,Patta vs Chitta vs EC: Understanding Tamil Nadu Land Registry Terms,"patta land for sale in madurai, clear title plots in madurai",Informational,Links to Pillar Page and contact.html
Cluster-3,Plot Buying Legal Checklist & Guidance,How to Get Bank Home Loan Approved for Open Plots in Madurai,"bank loan approved plots madurai, home loan for plot purchase",Informational -> Transactional,Links to contact.html (Bank Loan Assistance)
Cluster-4,Bilingual Real Estate Guide (Tamil & English),மதுரையில் மனை வாங்குவதற்கு முன் கவனிக்க வேண்டிய 10 முக்கிய விஷயங்கள்,"மதுரையில் மனை விற்பனை, வீட்டு மனை வாங்க தேவையான ஆவணங்கள்",Informational -> Transactional,Links to Tamil version of projects.html and contact.html
Cluster-4,Bilingual Real Estate Guide (Tamil & English),DTCP மற்றும் RERA அங்கீகாரம் பெற்ற மனைகளின் பயன்கள் என்ன?,"டிடிசிபி அங்கீகரிக்கப்பட்ட மனைகள் மதுரை, DTCP அங்கீகாரம் சரிபார்ப்பு",Informational,Links to Tamil version of index.html and testimonials.html
